index	width	height	dimension	offset	filename
0	480	222	480x222	0x009abd78	entry_0000_480x222_off_0x009abd78_bgr565_be.png
1	480	222	480x222	0x009dfdf8	entry_0001_480x222_off_0x009dfdf8_bgr565_be.png
2	480	222	480x222	0x00a13e78	entry_0002_480x222_off_0x00a13e78_bgr565_be.png
3	480	222	480x222	0x00a47ef8	entry_0003_480x222_off_0x00a47ef8_bgr565_be.png
4	480	222	480x222	0x00a7bf78	entry_0004_480x222_off_0x00a7bf78_bgr565_be.png
5	480	222	480x222	0x00aafff8	entry_0005_480x222_off_0x00aafff8_bgr565_be.png
6	480	222	480x222	0x00ae4078	entry_0006_480x222_off_0x00ae4078_bgr565_be.png
7	480	222	480x222	0x00b180f8	entry_0007_480x222_off_0x00b180f8_bgr565_be.png
8	480	222	480x222	0x00b4c178	entry_0008_480x222_off_0x00b4c178_bgr565_be.png
9	480	222	480x222	0x00b801f8	entry_0009_480x222_off_0x00b801f8_bgr565_be.png
10	480	222	480x222	0x00bb4278	entry_0010_480x222_off_0x00bb4278_bgr565_be.png
11	312	171	312x171	0x00be82f8	entry_0011_312x171_off_0x00be82f8_bgr565_be.png
12	318	174	318x174	0x00c023c8	entry_0012_318x174_off_0x00c023c8_bgr565_be.png
13	328	174	328x174	0x00c1d410	entry_0013_328x174_off_0x00c1d410_bgr565_be.png
14	325	181	325x181	0x00c391f0	entry_0014_325x181_off_0x00c391f0_bgr565_be.png
15	319	176	319x176	0x00c55d82	entry_0015_319x176_off_0x00c55d82_bgr565_be.png
16	311	176	311x176	0x00c71422	entry_0016_311x176_off_0x00c71422_bgr565_be.png
17	311	190	311x190	0x00c8bfc2	entry_0017_311x190_off_0x00c8bfc2_bgr565_be.png
18	313	178	313x178	0x00ca8d66	entry_0018_313x178_off_0x00ca8d66_bgr565_be.png
19	305	171	305x171	0x00cc40aa	entry_0019_305x171_off_0x00cc40aa_bgr565_be.png
20	315	174	315x174	0x00cdd820	entry_0020_315x174_off_0x00cdd820_bgr565_be.png
21	318	174	318x174	0x00cf8454	entry_0021_318x174_off_0x00cf8454_bgr565_be.png
22	319	168	319x168	0x00d1349c	entry_0022_319x168_off_0x00d1349c_bgr565_be.png
23	319	176	319x176	0x00d2d74c	entry_0023_319x176_off_0x00d2d74c_bgr565_be.png
24	312	165	312x165	0x00d48dec	entry_0024_312x165_off_0x00d48dec_bgr565_be.png
25	408	166	408x166	0x00d6201c	entry_0025_408x166_off_0x00d6201c_bgr565_be.png
26	368	161	368x161	0x00d8313c	entry_0026_368x161_off_0x00d8313c_bgr565_be.png
27	343	165	343x165	0x00da001c	entry_0027_343x165_off_0x00da001c_bgr565_be.png
28	294	156	294x156	0x00dbba42	entry_0028_294x156_off_0x00dbba42_bgr565_be.png
29	309	150	309x150	0x00dd2092	entry_0029_309x150_off_0x00dd2092_bgr565_be.png
30	338	150	338x150	0x00de8aae	entry_0030_338x150_off_0x00de8aae_bgr565_be.png
31	353	152	353x152	0x00e016c6	entry_0031_353x152_off_0x00e016c6_bgr565_be.png
32	384	155	384x155	0x00e1b9f6	entry_0032_384x155_off_0x00e1b9f6_bgr565_be.png
33	417	151	417x151	0x00e38af6	entry_0033_417x151_off_0x00e38af6_bgr565_be.png
34	373	149	373x149	0x00e576e4	entry_0034_373x149_off_0x00e576e4_bgr565_be.png
35	399	215	399x215	0x00e72916	entry_0035_399x215_off_0x00e72916_bgr565_be.png
36	415	215	415x215	0x00e9c748	entry_0036_415x215_off_0x00e9c748_bgr565_be.png
37	408	220	408x220	0x00ec805a	entry_0037_408x220_off_0x00ec805a_bgr565_be.png
38	403	220	403x220	0x00ef3d9a	entry_0038_403x220_off_0x00ef3d9a_bgr565_be.png
39	394	219	394x219	0x00f1f242	entry_0039_394x219_off_0x00f1f242_bgr565_be.png
40	396	217	396x217	0x00f4945e	entry_0040_396x217_off_0x00f4945e_bgr565_be.png
41	393	217	393x217	0x00f733b6	entry_0041_393x217_off_0x00f733b6_bgr565_be.png
42	372	219	372x219	0x00f9cdf8	entry_0042_372x219_off_0x00f9cdf8_bgr565_be.png
43	387	219	387x219	0x00fc4a70	entry_0043_387x219_off_0x00fc4a70_bgr565_be.png
44	480	222	480x222	0x00fee092	entry_0044_480x222_off_0x00fee092_bgr565_be.png
45	480	222	480x222	0x01022112	entry_0045_480x222_off_0x01022112_bgr565_be.png
46	480	222	480x222	0x01056192	entry_0046_480x222_off_0x01056192_bgr565_be.png
47	480	222	480x222	0x0108a212	entry_0047_480x222_off_0x0108a212_bgr565_be.png
48	480	163	480x163	0x010be292	entry_0048_480x163_off_0x010be292_bgr565_be.png
49	480	176	480x176	0x010e45d2	entry_0049_480x176_off_0x010e45d2_bgr565_be.png
50	480	176	480x176	0x0110d9d2	entry_0050_480x176_off_0x0110d9d2_bgr565_be.png
51	480	176	480x176	0x01136dd2	entry_0051_480x176_off_0x01136dd2_bgr565_be.png
52	480	176	480x176	0x011601d2	entry_0052_480x176_off_0x011601d2_bgr565_be.png
53	480	176	480x176	0x011895d2	entry_0053_480x176_off_0x011895d2_bgr565_be.png
54	1	1	1x1	0x011b29d2	entry_0054_1x1_off_0x011b29d2_bgr565_be.png
55	42	56	42x56	0x011b29d4	entry_0055_42x56_off_0x011b29d4_bgr565_be.png
56	42	56	42x56	0x011b3c34	entry_0056_42x56_off_0x011b3c34_bgr565_be.png
57	42	56	42x56	0x011b4e94	entry_0057_42x56_off_0x011b4e94_bgr565_be.png
58	42	56	42x56	0x011b60f4	entry_0058_42x56_off_0x011b60f4_bgr565_be.png
59	42	56	42x56	0x011b7354	entry_0059_42x56_off_0x011b7354_bgr565_be.png
60	42	56	42x56	0x011b85b4	entry_0060_42x56_off_0x011b85b4_bgr565_be.png
61	42	56	42x56	0x011b9814	entry_0061_42x56_off_0x011b9814_bgr565_be.png
62	42	56	42x56	0x011baa74	entry_0062_42x56_off_0x011baa74_bgr565_be.png
63	42	56	42x56	0x011bbcd4	entry_0063_42x56_off_0x011bbcd4_bgr565_be.png
64	42	56	42x56	0x011bcf34	entry_0064_42x56_off_0x011bcf34_bgr565_be.png
65	23	13	23x13	0x011be194	entry_0065_23x13_off_0x011be194_bgr565_be.png
66	22	13	22x13	0x011be3ea	entry_0066_22x13_off_0x011be3ea_bgr565_be.png
67	320	170	320x170	0x011be626	entry_0067_320x170_off_0x011be626_bgr565_be.png
68	179	94	179x94	0x011d8f26	entry_0068_179x94_off_0x011d8f26_bgr565_be.png
69	173	94	173x94	0x011e129a	entry_0069_173x94_off_0x011e129a_bgr565_be.png
70	168	94	168x94	0x011e91a6	entry_0070_168x94_off_0x011e91a6_bgr565_be.png
71	154	94	154x94	0x011f0d06	entry_0071_154x94_off_0x011f0d06_bgr565_be.png
72	148	94	148x94	0x011f7e1e	entry_0072_148x94_off_0x011f7e1e_bgr565_be.png
73	147	94	147x94	0x011feace	entry_0073_147x94_off_0x011feace_bgr565_be.png
74	143	94	143x94	0x012056c2	entry_0074_143x94_off_0x012056c2_bgr565_be.png
75	147	94	147x94	0x0120bfc6	entry_0075_147x94_off_0x0120bfc6_bgr565_be.png
76	133	94	133x94	0x01212bba	entry_0076_133x94_off_0x01212bba_bgr565_be.png
77	122	94	122x94	0x01218d66	entry_0077_122x94_off_0x01218d66_bgr565_be.png
78	122	94	122x94	0x0121e6fe	entry_0078_122x94_off_0x0121e6fe_bgr565_be.png
79	115	94	115x94	0x01224096	entry_0079_115x94_off_0x01224096_bgr565_be.png
80	107	94	107x94	0x0122950a	entry_0080_107x94_off_0x0122950a_bgr565_be.png
81	105	94	105x94	0x0122e39e	entry_0081_105x94_off_0x0122e39e_bgr565_be.png
82	106	94	106x94	0x012330ba	entry_0082_106x94_off_0x012330ba_bgr565_be.png
83	106	94	106x94	0x01237e92	entry_0083_106x94_off_0x01237e92_bgr565_be.png
84	109	94	109x94	0x0123cc6a	entry_0084_109x94_off_0x0123cc6a_bgr565_be.png
85	107	94	107x94	0x01241c76	entry_0085_107x94_off_0x01241c76_bgr565_be.png
86	110	94	110x94	0x01246b0a	entry_0086_110x94_off_0x01246b0a_bgr565_be.png
87	106	94	106x94	0x0124bbd2	entry_0087_106x94_off_0x0124bbd2_bgr565_be.png
88	107	94	107x94	0x012509aa	entry_0088_107x94_off_0x012509aa_bgr565_be.png
89	107	94	107x94	0x0125583e	entry_0089_107x94_off_0x0125583e_bgr565_be.png
90	112	94	112x94	0x0125a6d2	entry_0090_112x94_off_0x0125a6d2_bgr565_be.png
91	112	94	112x94	0x0125f912	entry_0091_112x94_off_0x0125f912_bgr565_be.png
92	114	94	114x94	0x01264b52	entry_0092_114x94_off_0x01264b52_bgr565_be.png
93	20	24	20x24	0x01269f0a	entry_0093_20x24_off_0x01269f0a_bgr565_be.png
94	13	11	13x11	0x0126a2ca	entry_0094_13x11_off_0x0126a2ca_bgr565_be.png
95	13	11	13x11	0x0126a3e8	entry_0095_13x11_off_0x0126a3e8_bgr565_be.png
96	18	9	18x9	0x0126a506	entry_0096_18x9_off_0x0126a506_bgr565_be.png
97	18	9	18x9	0x0126a64a	entry_0097_18x9_off_0x0126a64a_bgr565_be.png
98	480	222	480x222	0x0126a78e	entry_0098_480x222_off_0x0126a78e_bgr565_be.png
99	480	222	480x222	0x0129e80e	entry_0099_480x222_off_0x0129e80e_bgr565_be.png
100	480	222	480x222	0x012d288e	entry_0100_480x222_off_0x012d288e_bgr565_be.png
101	480	222	480x222	0x0130690e	entry_0101_480x222_off_0x0130690e_bgr565_be.png
102	480	222	480x222	0x0133a98e	entry_0102_480x222_off_0x0133a98e_bgr565_be.png
103	480	222	480x222	0x0136ea0e	entry_0103_480x222_off_0x0136ea0e_bgr565_be.png
104	480	222	480x222	0x013a2a8e	entry_0104_480x222_off_0x013a2a8e_bgr565_be.png
105	480	222	480x222	0x013d6b0e	entry_0105_480x222_off_0x013d6b0e_bgr565_be.png
106	263	110	263x110	0x0140ab8e	entry_0106_263x110_off_0x0140ab8e_bgr565_be.png
107	263	110	263x110	0x01418d92	entry_0107_263x110_off_0x01418d92_bgr565_be.png
108	188	32	188x32	0x01426f96	entry_0108_188x32_off_0x01426f96_bgr565_be.png
109	188	32	188x32	0x01429e96	entry_0109_188x32_off_0x01429e96_bgr565_be.png
110	240	100	240x100	0x0142cd96	entry_0110_240x100_off_0x0142cd96_bgr565_be.png
111	480	222	480x222	0x01438916	entry_0111_480x222_off_0x01438916_bgr565_be.png
112	416	18	416x18	0x0146c996	entry_0112_416x18_off_0x0146c996_bgr565_be.png
113	5	5	5x5	0x01470416	entry_0113_5x5_off_0x01470416_bgr565_be.png
114	12	13	12x13	0x01470448	entry_0114_12x13_off_0x01470448_bgr565_be.png
115	12	13	12x13	0x01470580	entry_0115_12x13_off_0x01470580_bgr565_be.png
116	12	13	12x13	0x014706b8	entry_0116_12x13_off_0x014706b8_bgr565_be.png
117	12	13	12x13	0x014707f0	entry_0117_12x13_off_0x014707f0_bgr565_be.png
118	16	14	16x14	0x01470928	entry_0118_16x14_off_0x01470928_bgr565_be.png
119	16	14	16x14	0x01470ae8	entry_0119_16x14_off_0x01470ae8_bgr565_be.png
120	16	14	16x14	0x01470ca8	entry_0120_16x14_off_0x01470ca8_bgr565_be.png
121	16	14	16x14	0x01470e68	entry_0121_16x14_off_0x01470e68_bgr565_be.png
122	16	14	16x14	0x01471028	entry_0122_16x14_off_0x01471028_bgr565_be.png
123	25	20	25x20	0x014711e8	entry_0123_25x20_off_0x014711e8_bgr565_be.png
124	16	14	16x14	0x014715d0	entry_0124_16x14_off_0x014715d0_bgr565_be.png
125	16	14	16x14	0x01471790	entry_0125_16x14_off_0x01471790_bgr565_be.png
126	36	11	36x11	0x01471950	entry_0126_36x11_off_0x01471950_bgr565_be.png
127	36	11	36x11	0x01471c68	entry_0127_36x11_off_0x01471c68_bgr565_be.png
128	36	11	36x11	0x01471f80	entry_0128_36x11_off_0x01471f80_bgr565_be.png
129	25	14	25x14	0x01472298	entry_0129_25x14_off_0x01472298_bgr565_be.png
130	25	14	25x14	0x01472554	entry_0130_25x14_off_0x01472554_bgr565_be.png
131	25	14	25x14	0x01472810	entry_0131_25x14_off_0x01472810_bgr565_be.png
132	25	14	25x14	0x01472acc	entry_0132_25x14_off_0x01472acc_bgr565_be.png
133	25	14	25x14	0x01472d88	entry_0133_25x14_off_0x01472d88_bgr565_be.png
134	12	12	12x12	0x01473044	entry_0134_12x12_off_0x01473044_bgr565_be.png
135	12	12	12x12	0x01473164	entry_0135_12x12_off_0x01473164_bgr565_be.png
136	1	3	1x3	0x01473284	entry_0136_1x3_off_0x01473284_bgr565_be.png
137	1	3	1x3	0x0147328a	entry_0137_1x3_off_0x0147328a_bgr565_be.png
138	16	20	16x20	0x01473290	entry_0138_16x20_off_0x01473290_bgr565_be.png
139	17	20	17x20	0x01473510	entry_0139_17x20_off_0x01473510_bgr565_be.png
140	29	25	29x25	0x014737b8	entry_0140_29x25_off_0x014737b8_bgr565_be.png
141	17	20	17x20	0x01473d62	entry_0141_17x20_off_0x01473d62_bgr565_be.png
142	12	14	12x14	0x0147400a	entry_0142_12x14_off_0x0147400a_bgr565_be.png
143	12	14	12x14	0x0147415a	entry_0143_12x14_off_0x0147415a_bgr565_be.png
144	16	20	16x20	0x014742aa	entry_0144_16x20_off_0x014742aa_bgr565_be.png
145	15	20	15x20	0x0147452a	entry_0145_15x20_off_0x0147452a_bgr565_be.png
146	29	25	29x25	0x01474782	entry_0146_29x25_off_0x01474782_bgr565_be.png
147	17	20	17x20	0x01474d2c	entry_0147_17x20_off_0x01474d2c_bgr565_be.png
148	12	14	12x14	0x01474fd4	entry_0148_12x14_off_0x01474fd4_bgr565_be.png
149	12	14	12x14	0x01475124	entry_0149_12x14_off_0x01475124_bgr565_be.png
150	16	20	16x20	0x01475274	entry_0150_16x20_off_0x01475274_bgr565_be.png
151	17	20	17x20	0x014754f4	entry_0151_17x20_off_0x014754f4_bgr565_be.png
152	29	25	29x25	0x0147579c	entry_0152_29x25_off_0x0147579c_bgr565_be.png
153	17	20	17x20	0x01475d46	entry_0153_17x20_off_0x01475d46_bgr565_be.png
154	12	14	12x14	0x01475fee	entry_0154_12x14_off_0x01475fee_bgr565_be.png
155	12	14	12x14	0x0147613e	entry_0155_12x14_off_0x0147613e_bgr565_be.png
156	480	163	480x163	0x0147628e	entry_0156_480x163_off_0x0147628e_bgr565_be.png
157	480	222	480x222	0x0149c5ce	entry_0157_480x222_off_0x0149c5ce_bgr565_be.png
158	19	19	19x19	0x014d064e	entry_0158_19x19_off_0x014d064e_bgr565_be.png
159	19	19	19x19	0x014d0920	entry_0159_19x19_off_0x014d0920_bgr565_be.png
160	19	19	19x19	0x014d0bf2	entry_0160_19x19_off_0x014d0bf2_bgr565_be.png
161	16	16	16x16	0x014d0ec4	entry_0161_16x16_off_0x014d0ec4_bgr565_be.png
162	16	16	16x16	0x014d10c4	entry_0162_16x16_off_0x014d10c4_bgr565_be.png
163	1	7	1x7	0x014d12c4	entry_0163_1x7_off_0x014d12c4_bgr565_be.png
164	1	7	1x7	0x014d12d2	entry_0164_1x7_off_0x014d12d2_bgr565_be.png
165	19	19	19x19	0x014d12e0	entry_0165_19x19_off_0x014d12e0_bgr565_be.png
166	19	19	19x19	0x014d15b2	entry_0166_19x19_off_0x014d15b2_bgr565_be.png
167	19	18	19x18	0x014d1884	entry_0167_19x18_off_0x014d1884_bgr565_be.png
168	159	28	159x28	0x014d1b30	entry_0168_159x28_off_0x014d1b30_bgr565_be.png
169	159	29	159x29	0x014d3df8	entry_0169_159x29_off_0x014d3df8_bgr565_be.png
170	159	28	159x28	0x014d61fe	entry_0170_159x28_off_0x014d61fe_bgr565_be.png
171	159	29	159x29	0x014d84c6	entry_0171_159x29_off_0x014d84c6_bgr565_be.png
172	256	29	256x29	0x014da8cc	entry_0172_256x29_off_0x014da8cc_bgr565_be.png
173	256	28	256x28	0x014de2cc	entry_0173_256x28_off_0x014de2cc_bgr565_be.png
174	256	29	256x29	0x014e1acc	entry_0174_256x29_off_0x014e1acc_bgr565_be.png
175	220	47	220x47	0x014e54cc	entry_0175_220x47_off_0x014e54cc_bgr565_be.png
176	124	20	124x20	0x014ea594	entry_0176_124x20_off_0x014ea594_bgr565_be.png
177	263	110	263x110	0x014eb8f4	entry_0177_263x110_off_0x014eb8f4_bgr565_be.png
178	37	16	37x16	0x014f9af8	entry_0178_37x16_off_0x014f9af8_bgr565_be.png
179	90	16	90x16	0x014f9f98	entry_0179_90x16_off_0x014f9f98_bgr565_be.png
180	90	16	90x16	0x014faad8	entry_0180_90x16_off_0x014faad8_bgr565_be.png
181	90	16	90x16	0x014fb618	entry_0181_90x16_off_0x014fb618_bgr565_be.png
182	90	16	90x16	0x014fc158	entry_0182_90x16_off_0x014fc158_bgr565_be.png
183	480	222	480x222	0x014fcc98	entry_0183_480x222_off_0x014fcc98_bgr565_be.png
184	29	25	29x25	0x01530d18	entry_0184_29x25_off_0x01530d18_bgr565_be.png
185	29	25	29x25	0x015312c2	entry_0185_29x25_off_0x015312c2_bgr565_be.png
186	29	25	29x25	0x0153186c	entry_0186_29x25_off_0x0153186c_bgr565_be.png
187	29	25	29x25	0x01531e16	entry_0187_29x25_off_0x01531e16_bgr565_be.png
188	29	25	29x25	0x015323c0	entry_0188_29x25_off_0x015323c0_bgr565_be.png
189	29	25	29x25	0x0153296a	entry_0189_29x25_off_0x0153296a_bgr565_be.png
190	29	25	29x25	0x01532f14	entry_0190_29x25_off_0x01532f14_bgr565_be.png
191	29	25	29x25	0x015334be	entry_0191_29x25_off_0x015334be_bgr565_be.png
192	29	25	29x25	0x01533a68	entry_0192_29x25_off_0x01533a68_bgr565_be.png
193	29	25	29x25	0x01534012	entry_0193_29x25_off_0x01534012_bgr565_be.png
194	29	25	29x25	0x015345bc	entry_0194_29x25_off_0x015345bc_bgr565_be.png
195	29	25	29x25	0x01534b66	entry_0195_29x25_off_0x01534b66_bgr565_be.png
196	29	25	29x25	0x01535110	entry_0196_29x25_off_0x01535110_bgr565_be.png
197	29	25	29x25	0x015356ba	entry_0197_29x25_off_0x015356ba_bgr565_be.png
198	29	25	29x25	0x01535c64	entry_0198_29x25_off_0x01535c64_bgr565_be.png
199	29	25	29x25	0x0153620e	entry_0199_29x25_off_0x0153620e_bgr565_be.png
200	29	25	29x25	0x015367b8	entry_0200_29x25_off_0x015367b8_bgr565_be.png
201	29	25	29x25	0x01536d62	entry_0201_29x25_off_0x01536d62_bgr565_be.png
202	29	25	29x25	0x0153730c	entry_0202_29x25_off_0x0153730c_bgr565_be.png
203	29	25	29x25	0x015378b6	entry_0203_29x25_off_0x015378b6_bgr565_be.png
204	29	25	29x25	0x01537e60	entry_0204_29x25_off_0x01537e60_bgr565_be.png
205	29	25	29x25	0x0153840a	entry_0205_29x25_off_0x0153840a_bgr565_be.png
206	29	25	29x25	0x015389b4	entry_0206_29x25_off_0x015389b4_bgr565_be.png
207	29	25	29x25	0x01538f5e	entry_0207_29x25_off_0x01538f5e_bgr565_be.png
208	29	25	29x25	0x01539508	entry_0208_29x25_off_0x01539508_bgr565_be.png
209	29	25	29x25	0x01539ab2	entry_0209_29x25_off_0x01539ab2_bgr565_be.png
210	29	25	29x25	0x0153a05c	entry_0210_29x25_off_0x0153a05c_bgr565_be.png
211	9	13	9x13	0x0153a606	entry_0211_9x13_off_0x0153a606_bgr565_be.png
212	9	13	9x13	0x0153a6f0	entry_0212_9x13_off_0x0153a6f0_bgr565_be.png
213	9	13	9x13	0x0153a7da	entry_0213_9x13_off_0x0153a7da_bgr565_be.png
214	9	13	9x13	0x0153a8c4	entry_0214_9x13_off_0x0153a8c4_bgr565_be.png
215	9	13	9x13	0x0153a9ae	entry_0215_9x13_off_0x0153a9ae_bgr565_be.png
216	9	13	9x13	0x0153aa98	entry_0216_9x13_off_0x0153aa98_bgr565_be.png
217	9	13	9x13	0x0153ab82	entry_0217_9x13_off_0x0153ab82_bgr565_be.png
218	9	13	9x13	0x0153ac6c	entry_0218_9x13_off_0x0153ac6c_bgr565_be.png
219	9	13	9x13	0x0153ad56	entry_0219_9x13_off_0x0153ad56_bgr565_be.png
220	9	13	9x13	0x0153ae40	entry_0220_9x13_off_0x0153ae40_bgr565_be.png
221	4	9	4x9	0x0153af2a	entry_0221_4x9_off_0x0153af2a_bgr565_be.png
222	3	13	3x13	0x0153af72	entry_0222_3x13_off_0x0153af72_bgr565_be.png
223	25	15	25x15	0x0153afc0	entry_0223_25x15_off_0x0153afc0_bgr565_be.png
224	25	15	25x15	0x0153b2ae	entry_0224_25x15_off_0x0153b2ae_bgr565_be.png
225	25	15	25x15	0x0153b59c	entry_0225_25x15_off_0x0153b59c_bgr565_be.png
226	25	15	25x15	0x0153b88a	entry_0226_25x15_off_0x0153b88a_bgr565_be.png
227	25	15	25x15	0x0153bb78	entry_0227_25x15_off_0x0153bb78_bgr565_be.png
228	25	15	25x15	0x0153be66	entry_0228_25x15_off_0x0153be66_bgr565_be.png
229	25	15	25x15	0x0153c154	entry_0229_25x15_off_0x0153c154_bgr565_be.png
230	25	14	25x14	0x0153c442	entry_0230_25x14_off_0x0153c442_bgr565_be.png
231	10	10	10x10	0x0153c6fe	entry_0231_10x10_off_0x0153c6fe_bgr565_be.png
232	10	10	10x10	0x0153c7c6	entry_0232_10x10_off_0x0153c7c6_bgr565_be.png
233	480	134	480x134	0x0153c88e	entry_0233_480x134_off_0x0153c88e_bgr565_be.png
234	480	134	480x134	0x0155bf0e	entry_0234_480x134_off_0x0155bf0e_bgr565_be.png
235	480	134	480x134	0x0157b58e	entry_0235_480x134_off_0x0157b58e_bgr565_be.png
236	480	134	480x134	0x0159ac0e	entry_0236_480x134_off_0x0159ac0e_bgr565_be.png
237	480	134	480x134	0x015ba28e	entry_0237_480x134_off_0x015ba28e_bgr565_be.png
238	480	134	480x134	0x015d990e	entry_0238_480x134_off_0x015d990e_bgr565_be.png
239	480	134	480x134	0x015f8f8e	entry_0239_480x134_off_0x015f8f8e_bgr565_be.png
240	480	134	480x134	0x0161860e	entry_0240_480x134_off_0x0161860e_bgr565_be.png
241	480	134	480x134	0x01637c8e	entry_0241_480x134_off_0x01637c8e_bgr565_be.png
242	480	134	480x134	0x0165730e	entry_0242_480x134_off_0x0165730e_bgr565_be.png
243	480	134	480x134	0x0167698e	entry_0243_480x134_off_0x0167698e_bgr565_be.png
244	480	134	480x134	0x0169600e	entry_0244_480x134_off_0x0169600e_bgr565_be.png
245	480	134	480x134	0x016b568e	entry_0245_480x134_off_0x016b568e_bgr565_be.png
246	480	134	480x134	0x016d4d0e	entry_0246_480x134_off_0x016d4d0e_bgr565_be.png
247	480	134	480x134	0x016f438e	entry_0247_480x134_off_0x016f438e_bgr565_be.png
248	480	27	480x27	0x01713a0e	entry_0248_480x27_off_0x01713a0e_bgr565_be.png
249	480	27	480x27	0x01719f4e	entry_0249_480x27_off_0x01719f4e_bgr565_be.png
250	480	27	480x27	0x0172048e	entry_0250_480x27_off_0x0172048e_bgr565_be.png
251	480	27	480x27	0x017269ce	entry_0251_480x27_off_0x017269ce_bgr565_be.png
252	480	222	480x222	0x0172cf0e	entry_0252_480x222_off_0x0172cf0e_bgr565_be.png
253	480	134	480x134	0x01760f8e	entry_0253_480x134_off_0x01760f8e_bgr565_be.png
254	480	134	480x134	0x0178060e	entry_0254_480x134_off_0x0178060e_bgr565_be.png
255	480	134	480x134	0x0179fc8e	entry_0255_480x134_off_0x0179fc8e_bgr565_be.png
256	480	134	480x134	0x017bf30e	entry_0256_480x134_off_0x017bf30e_bgr565_be.png
257	480	134	480x134	0x017de98e	entry_0257_480x134_off_0x017de98e_bgr565_be.png
258	2	11	2x11	0x017fe00e	entry_0258_2x11_off_0x017fe00e_bgr565_be.png
259	2	8	2x8	0x017fe03a	entry_0259_2x8_off_0x017fe03a_bgr565_be.png
260	84	17	84x17	0x017fe05a	entry_0260_84x17_off_0x017fe05a_bgr565_be.png
261	257	87	257x87	0x017feb82	entry_0261_257x87_off_0x017feb82_bgr565_be.png
262	12	14	12x14	0x01809a30	entry_0262_12x14_off_0x01809a30_bgr565_be.png
263	12	14	12x14	0x01809b80	entry_0263_12x14_off_0x01809b80_bgr565_be.png
264	16	14	16x14	0x01809cd0	entry_0264_16x14_off_0x01809cd0_bgr565_be.png
265	16	14	16x14	0x01809e90	entry_0265_16x14_off_0x01809e90_bgr565_be.png
266	29	25	29x25	0x0180a050	entry_0266_29x25_off_0x0180a050_bgr565_be.png
267	29	25	29x25	0x0180a5fa	entry_0267_29x25_off_0x0180a5fa_bgr565_be.png
268	29	25	29x25	0x0180aba4	entry_0268_29x25_off_0x0180aba4_bgr565_be.png
269	29	25	29x25	0x0180b14e	entry_0269_29x25_off_0x0180b14e_bgr565_be.png
270	29	25	29x25	0x0180b6f8	entry_0270_29x25_off_0x0180b6f8_bgr565_be.png
271	29	25	29x25	0x0180bca2	entry_0271_29x25_off_0x0180bca2_bgr565_be.png
272	29	25	29x25	0x0180c24c	entry_0272_29x25_off_0x0180c24c_bgr565_be.png
273	29	25	29x25	0x0180c7f6	entry_0273_29x25_off_0x0180c7f6_bgr565_be.png
274	29	25	29x25	0x0180cda0	entry_0274_29x25_off_0x0180cda0_bgr565_be.png
275	29	25	29x25	0x0180d34a	entry_0275_29x25_off_0x0180d34a_bgr565_be.png
276	29	25	29x25	0x0180d8f4	entry_0276_29x25_off_0x0180d8f4_bgr565_be.png
277	29	25	29x25	0x0180de9e	entry_0277_29x25_off_0x0180de9e_bgr565_be.png
278	29	25	29x25	0x0180e448	entry_0278_29x25_off_0x0180e448_bgr565_be.png
279	29	25	29x25	0x0180e9f2	entry_0279_29x25_off_0x0180e9f2_bgr565_be.png
280	29	25	29x25	0x0180ef9c	entry_0280_29x25_off_0x0180ef9c_bgr565_be.png
281	29	25	29x25	0x0180f546	entry_0281_29x25_off_0x0180f546_bgr565_be.png
282	29	25	29x25	0x0180faf0	entry_0282_29x25_off_0x0180faf0_bgr565_be.png
283	29	25	29x25	0x0181009a	entry_0283_29x25_off_0x0181009a_bgr565_be.png
284	29	25	29x25	0x01810644	entry_0284_29x25_off_0x01810644_bgr565_be.png
285	29	25	29x25	0x01810bee	entry_0285_29x25_off_0x01810bee_bgr565_be.png
286	18	17	18x17	0x01811198	entry_0286_18x17_off_0x01811198_bgr565_be.png
287	18	18	18x18	0x018113fc	entry_0287_18x18_off_0x018113fc_bgr565_be.png
288	6	10	6x10	0x01811684	entry_0288_6x10_off_0x01811684_bgr565_be.png
289	29	25	29x25	0x018116fc	entry_0289_29x25_off_0x018116fc_bgr565_be.png
290	29	25	29x25	0x01811ca6	entry_0290_29x25_off_0x01811ca6_bgr565_be.png
291	29	25	29x25	0x01812250	entry_0291_29x25_off_0x01812250_bgr565_be.png
292	29	25	29x25	0x018127fa	entry_0292_29x25_off_0x018127fa_bgr565_be.png
293	29	25	29x25	0x01812da4	entry_0293_29x25_off_0x01812da4_bgr565_be.png
294	29	25	29x25	0x0181334e	entry_0294_29x25_off_0x0181334e_bgr565_be.png
295	20	20	20x20	0x018138f8	entry_0295_20x20_off_0x018138f8_bgr565_be.png
296	29	25	29x25	0x01813c18	entry_0296_29x25_off_0x01813c18_bgr565_be.png
297	29	25	29x25	0x018141c2	entry_0297_29x25_off_0x018141c2_bgr565_be.png
298	29	25	29x25	0x0181476c	entry_0298_29x25_off_0x0181476c_bgr565_be.png
299	29	25	29x25	0x01814d16	entry_0299_29x25_off_0x01814d16_bgr565_be.png
300	64	14	64x14	0x018152c0	entry_0300_64x14_off_0x018152c0_bgr565_be.png
301	64	14	64x14	0x018159c0	entry_0301_64x14_off_0x018159c0_bgr565_be.png
302	64	14	64x14	0x018160c0	entry_0302_64x14_off_0x018160c0_bgr565_be.png
303	64	14	64x14	0x018167c0	entry_0303_64x14_off_0x018167c0_bgr565_be.png
304	64	14	64x14	0x01816ec0	entry_0304_64x14_off_0x01816ec0_bgr565_be.png
305	29	25	29x25	0x018175c0	entry_0305_29x25_off_0x018175c0_bgr565_be.png
306	29	25	29x25	0x01817b6a	entry_0306_29x25_off_0x01817b6a_bgr565_be.png
307	29	25	29x25	0x01818114	entry_0307_29x25_off_0x01818114_bgr565_be.png
308	29	25	29x25	0x018186be	entry_0308_29x25_off_0x018186be_bgr565_be.png
309	29	25	29x25	0x01818c68	entry_0309_29x25_off_0x01818c68_bgr565_be.png
310	29	25	29x25	0x01819212	entry_0310_29x25_off_0x01819212_bgr565_be.png
311	29	25	29x25	0x018197bc	entry_0311_29x25_off_0x018197bc_bgr565_be.png
312	29	25	29x25	0x01819d66	entry_0312_29x25_off_0x01819d66_bgr565_be.png
313	29	25	29x25	0x0181a310	entry_0313_29x25_off_0x0181a310_bgr565_be.png
314	29	25	29x25	0x0181a8ba	entry_0314_29x25_off_0x0181a8ba_bgr565_be.png
315	480	195	480x195	0x0181ae64	entry_0315_480x195_off_0x0181ae64_bgr565_be.png
316	40	40	40x40	0x018489a4	entry_0316_40x40_off_0x018489a4_bgr565_be.png
317	40	40	40x40	0x01849624	entry_0317_40x40_off_0x01849624_bgr565_be.png
318	10	16	10x16	0x0184a2a4	entry_0318_10x16_off_0x0184a2a4_bgr565_be.png
319	10	16	10x16	0x0184a3e4	entry_0319_10x16_off_0x0184a3e4_bgr565_be.png
320	10	16	10x16	0x0184a524	entry_0320_10x16_off_0x0184a524_bgr565_be.png
321	10	16	10x16	0x0184a664	entry_0321_10x16_off_0x0184a664_bgr565_be.png
322	10	16	10x16	0x0184a7a4	entry_0322_10x16_off_0x0184a7a4_bgr565_be.png
323	10	16	10x16	0x0184a8e4	entry_0323_10x16_off_0x0184a8e4_bgr565_be.png
324	10	16	10x16	0x0184aa24	entry_0324_10x16_off_0x0184aa24_bgr565_be.png
325	10	16	10x16	0x0184ab64	entry_0325_10x16_off_0x0184ab64_bgr565_be.png
326	10	16	10x16	0x0184aca4	entry_0326_10x16_off_0x0184aca4_bgr565_be.png
327	10	16	10x16	0x0184ade4	entry_0327_10x16_off_0x0184ade4_bgr565_be.png
328	10	16	10x16	0x0184af24	entry_0328_10x16_off_0x0184af24_bgr565_be.png
329	10	16	10x16	0x0184b064	entry_0329_10x16_off_0x0184b064_bgr565_be.png
330	8	14	8x14	0x0184b1a4	entry_0330_8x14_off_0x0184b1a4_bgr565_be.png
331	8	14	8x14	0x0184b284	entry_0331_8x14_off_0x0184b284_bgr565_be.png
332	8	14	8x14	0x0184b364	entry_0332_8x14_off_0x0184b364_bgr565_be.png
333	8	14	8x14	0x0184b444	entry_0333_8x14_off_0x0184b444_bgr565_be.png
334	8	14	8x14	0x0184b524	entry_0334_8x14_off_0x0184b524_bgr565_be.png
335	8	14	8x14	0x0184b604	entry_0335_8x14_off_0x0184b604_bgr565_be.png
336	8	14	8x14	0x0184b6e4	entry_0336_8x14_off_0x0184b6e4_bgr565_be.png
337	8	14	8x14	0x0184b7c4	entry_0337_8x14_off_0x0184b7c4_bgr565_be.png
338	8	14	8x14	0x0184b8a4	entry_0338_8x14_off_0x0184b8a4_bgr565_be.png
339	8	14	8x14	0x0184b984	entry_0339_8x14_off_0x0184b984_bgr565_be.png
340	4	14	4x14	0x0184ba64	entry_0340_4x14_off_0x0184ba64_bgr565_be.png
341	8	11	8x11	0x0184bad4	entry_0341_8x11_off_0x0184bad4_bgr565_be.png
342	8	11	8x11	0x0184bb84	entry_0342_8x11_off_0x0184bb84_bgr565_be.png
343	8	11	8x11	0x0184bc34	entry_0343_8x11_off_0x0184bc34_bgr565_be.png
344	8	11	8x11	0x0184bce4	entry_0344_8x11_off_0x0184bce4_bgr565_be.png
345	8	11	8x11	0x0184bd94	entry_0345_8x11_off_0x0184bd94_bgr565_be.png
346	8	11	8x11	0x0184be44	entry_0346_8x11_off_0x0184be44_bgr565_be.png
347	8	11	8x11	0x0184bef4	entry_0347_8x11_off_0x0184bef4_bgr565_be.png
348	8	11	8x11	0x0184bfa4	entry_0348_8x11_off_0x0184bfa4_bgr565_be.png
349	8	11	8x11	0x0184c054	entry_0349_8x11_off_0x0184c054_bgr565_be.png
350	8	11	8x11	0x0184c104	entry_0350_8x11_off_0x0184c104_bgr565_be.png
351	8	16	8x16	0x0184c1b4	entry_0351_8x16_off_0x0184c1b4_bgr565_be.png
352	4	11	4x11	0x0184c2b4	entry_0352_4x11_off_0x0184c2b4_bgr565_be.png
353	16	14	16x14	0x0184c30c	entry_0353_16x14_off_0x0184c30c_bgr565_be.png
354	16	14	16x14	0x0184c4cc	entry_0354_16x14_off_0x0184c4cc_bgr565_be.png
355	29	25	29x25	0x0184c68c	entry_0355_29x25_off_0x0184c68c_bgr565_be.png
356	29	25	29x25	0x0184cc36	entry_0356_29x25_off_0x0184cc36_bgr565_be.png
357	29	25	29x25	0x0184d1e0	entry_0357_29x25_off_0x0184d1e0_bgr565_be.png
358	29	25	29x25	0x0184d78a	entry_0358_29x25_off_0x0184d78a_bgr565_be.png
359	11	14	11x14	0x0184dd34	entry_0359_11x14_off_0x0184dd34_bgr565_be.png
360	11	14	11x14	0x0184de68	entry_0360_11x14_off_0x0184de68_bgr565_be.png
361	11	14	11x14	0x0184df9c	entry_0361_11x14_off_0x0184df9c_bgr565_be.png
362	22	2	22x2	0x0184e0d0	entry_0362_22x2_off_0x0184e0d0_bgr565_be.png
363	17	15	17x15	0x0184e128	entry_0363_17x15_off_0x0184e128_bgr565_be.png
364	17	15	17x15	0x0184e326	entry_0364_17x15_off_0x0184e326_bgr565_be.png
365	16	15	16x15	0x0184e524	entry_0365_16x15_off_0x0184e524_bgr565_be.png
366	16	15	16x15	0x0184e704	entry_0366_16x15_off_0x0184e704_bgr565_be.png
367	1	1	1x1	0x0184e8e4	entry_0367_1x1_off_0x0184e8e4_bgr565_be.png
368	24	14	24x14	0x0184e8e6	entry_0368_24x14_off_0x0184e8e6_bgr565_be.png
369	24	14	24x14	0x0184eb86	entry_0369_24x14_off_0x0184eb86_bgr565_be.png
370	24	14	24x14	0x0184ee26	entry_0370_24x14_off_0x0184ee26_bgr565_be.png
371	26	16	26x16	0x0184f0c6	entry_0371_26x16_off_0x0184f0c6_bgr565_be.png
372	24	15	24x15	0x0184f406	entry_0372_24x15_off_0x0184f406_bgr565_be.png
373	24	15	24x15	0x0184f6d6	entry_0373_24x15_off_0x0184f6d6_bgr565_be.png
374	24	15	24x15	0x0184f9a6	entry_0374_24x15_off_0x0184f9a6_bgr565_be.png
375	28	15	28x15	0x0184fc76	entry_0375_28x15_off_0x0184fc76_bgr565_be.png
376	29	25	29x25	0x0184ffbe	entry_0376_29x25_off_0x0184ffbe_bgr565_be.png
377	29	25	29x25	0x01850568	entry_0377_29x25_off_0x01850568_bgr565_be.png
378	25	14	25x14	0x01850b12	entry_0378_25x14_off_0x01850b12_bgr565_be.png
379	25	14	25x14	0x01850dce	entry_0379_25x14_off_0x01850dce_bgr565_be.png
380	25	14	25x14	0x0185108a	entry_0380_25x14_off_0x0185108a_bgr565_be.png
381	25	14	25x14	0x01851346	entry_0381_25x14_off_0x01851346_bgr565_be.png
382	25	14	25x14	0x01851602	entry_0382_25x14_off_0x01851602_bgr565_be.png
383	480	222	480x222	0x018518be	entry_0383_480x222_off_0x018518be_bgr565_be.png
384	240	141	240x141	0x0188593e	entry_0384_240x141_off_0x0188593e_bgr565_be.png
385	21	13	21x13	0x0189619e	entry_0385_21x13_off_0x0189619e_bgr565_be.png
386	200	19	200x19	0x018963c0	entry_0386_200x19_off_0x018963c0_bgr565_be.png
387	420	16	420x16	0x01898170	entry_0387_420x16_off_0x01898170_bgr565_be.png
388	165	18	165x18	0x0189b5f0	entry_0388_165x18_off_0x0189b5f0_bgr565_be.png
389	110	18	110x18	0x0189cd24	entry_0389_110x18_off_0x0189cd24_bgr565_be.png
390	110	17	110x17	0x0189dc9c	entry_0390_110x17_off_0x0189dc9c_bgr565_be.png
391	109	12	109x12	0x0189eb38	entry_0391_109x12_off_0x0189eb38_bgr565_be.png
392	107	12	107x12	0x0189f570	entry_0392_107x12_off_0x0189f570_bgr565_be.png
393	110	12	110x12	0x0189ff78	entry_0393_110x12_off_0x0189ff78_bgr565_be.png
394	203	110	203x110	0x018a09c8	entry_0394_203x110_off_0x018a09c8_bgr565_be.png
395	24	155	24x155	0x018ab83c	entry_0395_24x155_off_0x018ab83c_bgr565_be.png
396	24	10	24x10	0x018ad54c	entry_0396_24x10_off_0x018ad54c_bgr565_be.png
397	24	155	24x155	0x018ad72c	entry_0397_24x155_off_0x018ad72c_bgr565_be.png
398	24	10	24x10	0x018af43c	entry_0398_24x10_off_0x018af43c_bgr565_be.png
399	480	192	480x192	0x018af61c	entry_0399_480x192_off_0x018af61c_bgr565_be.png
400	13	20	13x20	0x018dc61c	entry_0400_13x20_off_0x018dc61c_bgr565_be.png
401	13	20	13x20	0x018dc824	entry_0401_13x20_off_0x018dc824_bgr565_be.png
402	13	20	13x20	0x018dca2c	entry_0402_13x20_off_0x018dca2c_bgr565_be.png
403	13	20	13x20	0x018dcc34	entry_0403_13x20_off_0x018dcc34_bgr565_be.png
404	13	20	13x20	0x018dce3c	entry_0404_13x20_off_0x018dce3c_bgr565_be.png
405	13	20	13x20	0x018dd044	entry_0405_13x20_off_0x018dd044_bgr565_be.png
406	13	20	13x20	0x018dd24c	entry_0406_13x20_off_0x018dd24c_bgr565_be.png
407	13	20	13x20	0x018dd454	entry_0407_13x20_off_0x018dd454_bgr565_be.png
408	13	20	13x20	0x018dd65c	entry_0408_13x20_off_0x018dd65c_bgr565_be.png
409	13	20	13x20	0x018dd864	entry_0409_13x20_off_0x018dd864_bgr565_be.png
410	480	222	480x222	0x018dda6c	entry_0410_480x222_off_0x018dda6c_bgr565_be.png
411	480	222	480x222	0x01911aec	entry_0411_480x222_off_0x01911aec_bgr565_be.png
412	480	134	480x134	0x01945b6c	entry_0412_480x134_off_0x01945b6c_bgr565_be.png
413	480	134	480x134	0x019651ec	entry_0413_480x134_off_0x019651ec_bgr565_be.png
414	480	134	480x134	0x0198486c	entry_0414_480x134_off_0x0198486c_bgr565_be.png
415	480	134	480x134	0x019a3eec	entry_0415_480x134_off_0x019a3eec_bgr565_be.png
416	480	134	480x134	0x019c356c	entry_0416_480x134_off_0x019c356c_bgr565_be.png
417	480	222	480x222	0x019e2bec	entry_0417_480x222_off_0x019e2bec_bgr565_be.png
418	480	133	480x133	0x01a16c6c	entry_0418_480x133_off_0x01a16c6c_bgr565_be.png
419	480	133	480x133	0x01a35f2c	entry_0419_480x133_off_0x01a35f2c_bgr565_be.png
420	480	133	480x133	0x01a551ec	entry_0420_480x133_off_0x01a551ec_bgr565_be.png
421	480	133	480x133	0x01a744ac	entry_0421_480x133_off_0x01a744ac_bgr565_be.png
422	480	133	480x133	0x01a9376c	entry_0422_480x133_off_0x01a9376c_bgr565_be.png
423	480	133	480x133	0x01ab2a2c	entry_0423_480x133_off_0x01ab2a2c_bgr565_be.png
424	480	133	480x133	0x01ad1cec	entry_0424_480x133_off_0x01ad1cec_bgr565_be.png
425	480	133	480x133	0x01af0fac	entry_0425_480x133_off_0x01af0fac_bgr565_be.png
426	480	133	480x133	0x01b1026c	entry_0426_480x133_off_0x01b1026c_bgr565_be.png
427	480	133	480x133	0x01b2f52c	entry_0427_480x133_off_0x01b2f52c_bgr565_be.png
428	480	133	480x133	0x01b4e7ec	entry_0428_480x133_off_0x01b4e7ec_bgr565_be.png
429	480	133	480x133	0x01b6daac	entry_0429_480x133_off_0x01b6daac_bgr565_be.png
430	480	133	480x133	0x01b8cd6c	entry_0430_480x133_off_0x01b8cd6c_bgr565_be.png
431	480	133	480x133	0x01bac02c	entry_0431_480x133_off_0x01bac02c_bgr565_be.png
432	480	133	480x133	0x01bcb2ec	entry_0432_480x133_off_0x01bcb2ec_bgr565_be.png
433	18	14	18x14	0x01bea5ac	entry_0433_18x14_off_0x01bea5ac_bgr565_be.png
434	54	16	54x16	0x01bea7a4	entry_0434_54x16_off_0x01bea7a4_bgr565_be.png
435	55	16	55x16	0x01beae64	entry_0435_55x16_off_0x01beae64_bgr565_be.png
436	90	12	90x12	0x01beb544	entry_0436_90x12_off_0x01beb544_bgr565_be.png
437	90	12	90x12	0x01bebdb4	entry_0437_90x12_off_0x01bebdb4_bgr565_be.png
438	90	12	90x12	0x01bec624	entry_0438_90x12_off_0x01bec624_bgr565_be.png
439	9	14	9x14	0x01bece94	entry_0439_9x14_off_0x01bece94_bgr565_be.png
440	9	14	9x14	0x01becf90	entry_0440_9x14_off_0x01becf90_bgr565_be.png
441	9	14	9x14	0x01bed08c	entry_0441_9x14_off_0x01bed08c_bgr565_be.png
442	9	14	9x14	0x01bed188	entry_0442_9x14_off_0x01bed188_bgr565_be.png
443	9	14	9x14	0x01bed284	entry_0443_9x14_off_0x01bed284_bgr565_be.png
444	9	14	9x14	0x01bed380	entry_0444_9x14_off_0x01bed380_bgr565_be.png
445	9	14	9x14	0x01bed47c	entry_0445_9x14_off_0x01bed47c_bgr565_be.png
446	9	14	9x14	0x01bed578	entry_0446_9x14_off_0x01bed578_bgr565_be.png
447	9	14	9x14	0x01bed674	entry_0447_9x14_off_0x01bed674_bgr565_be.png
448	9	14	9x14	0x01bed770	entry_0448_9x14_off_0x01bed770_bgr565_be.png
449	9	14	9x14	0x01bed86c	entry_0449_9x14_off_0x01bed86c_bgr565_be.png
450	11	14	11x14	0x01bed968	entry_0450_11x14_off_0x01bed968_bgr565_be.png
451	256	146	256x146	0x01beda9c	entry_0451_256x146_off_0x01beda9c_bgr565_be.png
452	8	19	8x19	0x01bffe9c	entry_0452_8x19_off_0x01bffe9c_bgr565_be.png
453	8	19	8x19	0x01bfffcc	entry_0453_8x19_off_0x01bfffcc_bgr565_be.png
454	2	10	2x10	0x01c000fc	entry_0454_2x10_off_0x01c000fc_bgr565_be.png
455	20	24	20x24	0x01c00124	entry_0455_20x24_off_0x01c00124_bgr565_be.png
456	13	11	13x11	0x01c004e4	entry_0456_13x11_off_0x01c004e4_bgr565_be.png
457	13	11	13x11	0x01c00602	entry_0457_13x11_off_0x01c00602_bgr565_be.png
458	18	9	18x9	0x01c00720	entry_0458_18x9_off_0x01c00720_bgr565_be.png
459	18	9	18x9	0x01c00864	entry_0459_18x9_off_0x01c00864_bgr565_be.png
460	480	222	480x222	0x01c009a8	entry_0460_480x222_off_0x01c009a8_bgr565_be.png
461	480	222	480x222	0x01c34a28	entry_0461_480x222_off_0x01c34a28_bgr565_be.png
462	480	222	480x222	0x01c68aa8	entry_0462_480x222_off_0x01c68aa8_bgr565_be.png
463	480	222	480x222	0x01c9cb28	entry_0463_480x222_off_0x01c9cb28_bgr565_be.png
464	480	222	480x222	0x01cd0ba8	entry_0464_480x222_off_0x01cd0ba8_bgr565_be.png
465	480	222	480x222	0x01d04c28	entry_0465_480x222_off_0x01d04c28_bgr565_be.png
466	480	222	480x222	0x01d38ca8	entry_0466_480x222_off_0x01d38ca8_bgr565_be.png
467	480	222	480x222	0x01d6cd28	entry_0467_480x222_off_0x01d6cd28_bgr565_be.png
468	263	110	263x110	0x01da0da8	entry_0468_263x110_off_0x01da0da8_bgr565_be.png
469	263	110	263x110	0x01daefac	entry_0469_263x110_off_0x01daefac_bgr565_be.png
470	188	32	188x32	0x01dbd1b0	entry_0470_188x32_off_0x01dbd1b0_bgr565_be.png
471	188	32	188x32	0x01dc00b0	entry_0471_188x32_off_0x01dc00b0_bgr565_be.png
472	263	110	263x110	0x01dc2fb0	entry_0472_263x110_off_0x01dc2fb0_bgr565_be.png
473	480	222	480x222	0x01dd11b4	entry_0473_480x222_off_0x01dd11b4_bgr565_be.png
474	423	16	423x16	0x01e05234	entry_0474_423x16_off_0x01e05234_bgr565_be.png
475	5	5	5x5	0x01e08714	entry_0475_5x5_off_0x01e08714_bgr565_be.png
476	12	13	12x13	0x01e08746	entry_0476_12x13_off_0x01e08746_bgr565_be.png
477	12	13	12x13	0x01e0887e	entry_0477_12x13_off_0x01e0887e_bgr565_be.png
478	12	13	12x13	0x01e089b6	entry_0478_12x13_off_0x01e089b6_bgr565_be.png
479	12	13	12x13	0x01e08aee	entry_0479_12x13_off_0x01e08aee_bgr565_be.png
480	16	14	16x14	0x01e08c26	entry_0480_16x14_off_0x01e08c26_bgr565_be.png
481	16	14	16x14	0x01e08de6	entry_0481_16x14_off_0x01e08de6_bgr565_be.png
482	16	14	16x14	0x01e08fa6	entry_0482_16x14_off_0x01e08fa6_bgr565_be.png
483	16	14	16x14	0x01e09166	entry_0483_16x14_off_0x01e09166_bgr565_be.png
484	16	14	16x14	0x01e09326	entry_0484_16x14_off_0x01e09326_bgr565_be.png
485	1	1	1x1	0x01e094e6	entry_0485_1x1_off_0x01e094e6_bgr565_be.png
486	16	14	16x14	0x01e094e8	entry_0486_16x14_off_0x01e094e8_bgr565_be.png
487	16	14	16x14	0x01e096a8	entry_0487_16x14_off_0x01e096a8_bgr565_be.png
488	36	11	36x11	0x01e09868	entry_0488_36x11_off_0x01e09868_bgr565_be.png
489	36	11	36x11	0x01e09b80	entry_0489_36x11_off_0x01e09b80_bgr565_be.png
490	36	11	36x11	0x01e09e98	entry_0490_36x11_off_0x01e09e98_bgr565_be.png
491	25	14	25x14	0x01e0a1b0	entry_0491_25x14_off_0x01e0a1b0_bgr565_be.png
492	25	14	25x14	0x01e0a46c	entry_0492_25x14_off_0x01e0a46c_bgr565_be.png
493	25	14	25x14	0x01e0a728	entry_0493_25x14_off_0x01e0a728_bgr565_be.png
494	25	14	25x14	0x01e0a9e4	entry_0494_25x14_off_0x01e0a9e4_bgr565_be.png
495	25	14	25x14	0x01e0aca0	entry_0495_25x14_off_0x01e0aca0_bgr565_be.png
496	12	12	12x12	0x01e0af5c	entry_0496_12x12_off_0x01e0af5c_bgr565_be.png
497	12	12	12x12	0x01e0b07c	entry_0497_12x12_off_0x01e0b07c_bgr565_be.png
498	1	4	1x4	0x01e0b19c	entry_0498_1x4_off_0x01e0b19c_bgr565_be.png
499	1	4	1x4	0x01e0b1a4	entry_0499_1x4_off_0x01e0b1a4_bgr565_be.png
500	21	21	21x21	0x01e0b1ac	entry_0500_21x21_off_0x01e0b1ac_bgr565_be.png
501	21	21	21x21	0x01e0b51e	entry_0501_21x21_off_0x01e0b51e_bgr565_be.png
502	29	25	29x25	0x01e0b890	entry_0502_29x25_off_0x01e0b890_bgr565_be.png
503	17	20	17x20	0x01e0be3a	entry_0503_17x20_off_0x01e0be3a_bgr565_be.png
504	12	14	12x14	0x01e0c0e2	entry_0504_12x14_off_0x01e0c0e2_bgr565_be.png
505	12	14	12x14	0x01e0c232	entry_0505_12x14_off_0x01e0c232_bgr565_be.png
506	21	21	21x21	0x01e0c382	entry_0506_21x21_off_0x01e0c382_bgr565_be.png
507	21	21	21x21	0x01e0c6f4	entry_0507_21x21_off_0x01e0c6f4_bgr565_be.png
508	29	25	29x25	0x01e0ca66	entry_0508_29x25_off_0x01e0ca66_bgr565_be.png
509	17	20	17x20	0x01e0d010	entry_0509_17x20_off_0x01e0d010_bgr565_be.png
510	12	14	12x14	0x01e0d2b8	entry_0510_12x14_off_0x01e0d2b8_bgr565_be.png
511	12	14	12x14	0x01e0d408	entry_0511_12x14_off_0x01e0d408_bgr565_be.png
512	21	21	21x21	0x01e0d558	entry_0512_21x21_off_0x01e0d558_bgr565_be.png
513	21	21	21x21	0x01e0d8ca	entry_0513_21x21_off_0x01e0d8ca_bgr565_be.png
514	29	25	29x25	0x01e0dc3c	entry_0514_29x25_off_0x01e0dc3c_bgr565_be.png
515	17	20	17x20	0x01e0e1e6	entry_0515_17x20_off_0x01e0e1e6_bgr565_be.png
516	12	14	12x14	0x01e0e48e	entry_0516_12x14_off_0x01e0e48e_bgr565_be.png
517	12	14	12x14	0x01e0e5de	entry_0517_12x14_off_0x01e0e5de_bgr565_be.png
518	480	163	480x163	0x01e0e72e	entry_0518_480x163_off_0x01e0e72e_bgr565_be.png
519	480	222	480x222	0x01e34a6e	entry_0519_480x222_off_0x01e34a6e_bgr565_be.png
520	15	16	15x16	0x01e68aee	entry_0520_15x16_off_0x01e68aee_bgr565_be.png
521	21	21	21x21	0x01e68cce	entry_0521_21x21_off_0x01e68cce_bgr565_be.png
522	21	21	21x21	0x01e69040	entry_0522_21x21_off_0x01e69040_bgr565_be.png
523	16	16	16x16	0x01e693b2	entry_0523_16x16_off_0x01e693b2_bgr565_be.png
524	16	16	16x16	0x01e695b2	entry_0524_16x16_off_0x01e695b2_bgr565_be.png
525	1	7	1x7	0x01e697b2	entry_0525_1x7_off_0x01e697b2_bgr565_be.png
526	1	7	1x7	0x01e697c0	entry_0526_1x7_off_0x01e697c0_bgr565_be.png
527	21	21	21x21	0x01e697ce	entry_0527_21x21_off_0x01e697ce_bgr565_be.png
528	21	21	21x21	0x01e69b40	entry_0528_21x21_off_0x01e69b40_bgr565_be.png
529	21	21	21x21	0x01e69eb2	entry_0529_21x21_off_0x01e69eb2_bgr565_be.png
530	159	29	159x29	0x01e6a224	entry_0530_159x29_off_0x01e6a224_bgr565_be.png
531	159	29	159x29	0x01e6c62a	entry_0531_159x29_off_0x01e6c62a_bgr565_be.png
532	159	28	159x28	0x01e6ea30	entry_0532_159x28_off_0x01e6ea30_bgr565_be.png
533	159	29	159x29	0x01e70cf8	entry_0533_159x29_off_0x01e70cf8_bgr565_be.png
534	256	29	256x29	0x01e730fe	entry_0534_256x29_off_0x01e730fe_bgr565_be.png
535	256	28	256x28	0x01e76afe	entry_0535_256x28_off_0x01e76afe_bgr565_be.png
536	256	29	256x29	0x01e7a2fe	entry_0536_256x29_off_0x01e7a2fe_bgr565_be.png
537	220	47	220x47	0x01e7dcfe	entry_0537_220x47_off_0x01e7dcfe_bgr565_be.png
538	124	22	124x22	0x01e82dc6	entry_0538_124x22_off_0x01e82dc6_bgr565_be.png
539	263	110	263x110	0x01e84316	entry_0539_263x110_off_0x01e84316_bgr565_be.png
540	37	16	37x16	0x01e9251a	entry_0540_37x16_off_0x01e9251a_bgr565_be.png
541	90	16	90x16	0x01e929ba	entry_0541_90x16_off_0x01e929ba_bgr565_be.png
542	90	16	90x16	0x01e934fa	entry_0542_90x16_off_0x01e934fa_bgr565_be.png
543	90	16	90x16	0x01e9403a	entry_0543_90x16_off_0x01e9403a_bgr565_be.png
544	90	16	90x16	0x01e94b7a	entry_0544_90x16_off_0x01e94b7a_bgr565_be.png
545	480	222	480x222	0x01e956ba	entry_0545_480x222_off_0x01e956ba_bgr565_be.png
546	29	25	29x25	0x01ec973a	entry_0546_29x25_off_0x01ec973a_bgr565_be.png
547	29	25	29x25	0x01ec9ce4	entry_0547_29x25_off_0x01ec9ce4_bgr565_be.png
548	29	25	29x25	0x01eca28e	entry_0548_29x25_off_0x01eca28e_bgr565_be.png
549	29	25	29x25	0x01eca838	entry_0549_29x25_off_0x01eca838_bgr565_be.png
550	29	25	29x25	0x01ecade2	entry_0550_29x25_off_0x01ecade2_bgr565_be.png
551	29	25	29x25	0x01ecb38c	entry_0551_29x25_off_0x01ecb38c_bgr565_be.png
552	29	25	29x25	0x01ecb936	entry_0552_29x25_off_0x01ecb936_bgr565_be.png
553	29	25	29x25	0x01ecbee0	entry_0553_29x25_off_0x01ecbee0_bgr565_be.png
554	29	25	29x25	0x01ecc48a	entry_0554_29x25_off_0x01ecc48a_bgr565_be.png
555	29	25	29x25	0x01ecca34	entry_0555_29x25_off_0x01ecca34_bgr565_be.png
556	29	25	29x25	0x01eccfde	entry_0556_29x25_off_0x01eccfde_bgr565_be.png
557	29	25	29x25	0x01ecd588	entry_0557_29x25_off_0x01ecd588_bgr565_be.png
558	29	25	29x25	0x01ecdb32	entry_0558_29x25_off_0x01ecdb32_bgr565_be.png
559	29	25	29x25	0x01ece0dc	entry_0559_29x25_off_0x01ece0dc_bgr565_be.png
560	29	25	29x25	0x01ece686	entry_0560_29x25_off_0x01ece686_bgr565_be.png
561	29	25	29x25	0x01ecec30	entry_0561_29x25_off_0x01ecec30_bgr565_be.png
562	29	25	29x25	0x01ecf1da	entry_0562_29x25_off_0x01ecf1da_bgr565_be.png
563	29	25	29x25	0x01ecf784	entry_0563_29x25_off_0x01ecf784_bgr565_be.png
564	29	25	29x25	0x01ecfd2e	entry_0564_29x25_off_0x01ecfd2e_bgr565_be.png
565	29	25	29x25	0x01ed02d8	entry_0565_29x25_off_0x01ed02d8_bgr565_be.png
566	29	25	29x25	0x01ed0882	entry_0566_29x25_off_0x01ed0882_bgr565_be.png
567	29	25	29x25	0x01ed0e2c	entry_0567_29x25_off_0x01ed0e2c_bgr565_be.png
568	29	25	29x25	0x01ed13d6	entry_0568_29x25_off_0x01ed13d6_bgr565_be.png
569	29	25	29x25	0x01ed1980	entry_0569_29x25_off_0x01ed1980_bgr565_be.png
570	29	25	29x25	0x01ed1f2a	entry_0570_29x25_off_0x01ed1f2a_bgr565_be.png
571	29	25	29x25	0x01ed24d4	entry_0571_29x25_off_0x01ed24d4_bgr565_be.png
572	29	25	29x25	0x01ed2a7e	entry_0572_29x25_off_0x01ed2a7e_bgr565_be.png
573	8	13	8x13	0x01ed3028	entry_0573_8x13_off_0x01ed3028_bgr565_be.png
574	8	13	8x13	0x01ed30f8	entry_0574_8x13_off_0x01ed30f8_bgr565_be.png
575	8	13	8x13	0x01ed31c8	entry_0575_8x13_off_0x01ed31c8_bgr565_be.png
576	8	13	8x13	0x01ed3298	entry_0576_8x13_off_0x01ed3298_bgr565_be.png
577	8	13	8x13	0x01ed3368	entry_0577_8x13_off_0x01ed3368_bgr565_be.png
578	8	13	8x13	0x01ed3438	entry_0578_8x13_off_0x01ed3438_bgr565_be.png
579	8	13	8x13	0x01ed3508	entry_0579_8x13_off_0x01ed3508_bgr565_be.png
580	8	13	8x13	0x01ed35d8	entry_0580_8x13_off_0x01ed35d8_bgr565_be.png
581	8	13	8x13	0x01ed36a8	entry_0581_8x13_off_0x01ed36a8_bgr565_be.png
582	8	13	8x13	0x01ed3778	entry_0582_8x13_off_0x01ed3778_bgr565_be.png
583	4	9	4x9	0x01ed3848	entry_0583_4x9_off_0x01ed3848_bgr565_be.png
584	4	13	4x13	0x01ed3890	entry_0584_4x13_off_0x01ed3890_bgr565_be.png
585	25	14	25x14	0x01ed38f8	entry_0585_25x14_off_0x01ed38f8_bgr565_be.png
586	25	14	25x14	0x01ed3bb4	entry_0586_25x14_off_0x01ed3bb4_bgr565_be.png
587	25	14	25x14	0x01ed3e70	entry_0587_25x14_off_0x01ed3e70_bgr565_be.png
588	24	14	24x14	0x01ed412c	entry_0588_24x14_off_0x01ed412c_bgr565_be.png
589	25	14	25x14	0x01ed43cc	entry_0589_25x14_off_0x01ed43cc_bgr565_be.png
590	25	14	25x14	0x01ed4688	entry_0590_25x14_off_0x01ed4688_bgr565_be.png
591	25	14	25x14	0x01ed4944	entry_0591_25x14_off_0x01ed4944_bgr565_be.png
592	25	14	25x14	0x01ed4c00	entry_0592_25x14_off_0x01ed4c00_bgr565_be.png
593	10	10	10x10	0x01ed4ebc	entry_0593_10x10_off_0x01ed4ebc_bgr565_be.png
594	10	10	10x10	0x01ed4f84	entry_0594_10x10_off_0x01ed4f84_bgr565_be.png
595	480	134	480x134	0x01ed504c	entry_0595_480x134_off_0x01ed504c_bgr565_be.png
596	480	134	480x134	0x01ef46cc	entry_0596_480x134_off_0x01ef46cc_bgr565_be.png
597	480	134	480x134	0x01f13d4c	entry_0597_480x134_off_0x01f13d4c_bgr565_be.png
598	480	134	480x134	0x01f333cc	entry_0598_480x134_off_0x01f333cc_bgr565_be.png
599	480	134	480x134	0x01f52a4c	entry_0599_480x134_off_0x01f52a4c_bgr565_be.png
600	480	134	480x134	0x01f720cc	entry_0600_480x134_off_0x01f720cc_bgr565_be.png
601	480	134	480x134	0x01f9174c	entry_0601_480x134_off_0x01f9174c_bgr565_be.png
602	480	134	480x134	0x01fb0dcc	entry_0602_480x134_off_0x01fb0dcc_bgr565_be.png
603	480	134	480x134	0x01fd044c	entry_0603_480x134_off_0x01fd044c_bgr565_be.png
604	480	134	480x134	0x01fefacc	entry_0604_480x134_off_0x01fefacc_bgr565_be.png
605	480	134	480x134	0x0200f14c	entry_0605_480x134_off_0x0200f14c_bgr565_be.png
606	480	134	480x134	0x0202e7cc	entry_0606_480x134_off_0x0202e7cc_bgr565_be.png
607	480	134	480x134	0x0204de4c	entry_0607_480x134_off_0x0204de4c_bgr565_be.png
608	480	134	480x134	0x0206d4cc	entry_0608_480x134_off_0x0206d4cc_bgr565_be.png
609	480	134	480x134	0x0208cb4c	entry_0609_480x134_off_0x0208cb4c_bgr565_be.png
610	480	26	480x26	0x020ac1cc	entry_0610_480x26_off_0x020ac1cc_bgr565_be.png
611	480	27	480x27	0x020b234c	entry_0611_480x27_off_0x020b234c_bgr565_be.png
612	480	27	480x27	0x020b888c	entry_0612_480x27_off_0x020b888c_bgr565_be.png
613	480	27	480x27	0x020bedcc	entry_0613_480x27_off_0x020bedcc_bgr565_be.png
614	480	222	480x222	0x020c530c	entry_0614_480x222_off_0x020c530c_bgr565_be.png
615	480	134	480x134	0x020f938c	entry_0615_480x134_off_0x020f938c_bgr565_be.png
616	480	134	480x134	0x02118a0c	entry_0616_480x134_off_0x02118a0c_bgr565_be.png
617	480	134	480x134	0x0213808c	entry_0617_480x134_off_0x0213808c_bgr565_be.png
618	480	134	480x134	0x0215770c	entry_0618_480x134_off_0x0215770c_bgr565_be.png
619	480	134	480x134	0x02176d8c	entry_0619_480x134_off_0x02176d8c_bgr565_be.png
620	2	11	2x11	0x0219640c	entry_0620_2x11_off_0x0219640c_bgr565_be.png
621	2	8	2x8	0x02196438	entry_0621_2x8_off_0x02196438_bgr565_be.png
622	88	20	88x20	0x02196458	entry_0622_88x20_off_0x02196458_bgr565_be.png
623	257	87	257x87	0x02197218	entry_0623_257x87_off_0x02197218_bgr565_be.png
624	12	14	12x14	0x021a20c6	entry_0624_12x14_off_0x021a20c6_bgr565_be.png
625	12	14	12x14	0x021a2216	entry_0625_12x14_off_0x021a2216_bgr565_be.png
626	17	16	17x16	0x021a2366	entry_0626_17x16_off_0x021a2366_bgr565_be.png
627	17	16	17x16	0x021a2586	entry_0627_17x16_off_0x021a2586_bgr565_be.png
628	29	25	29x25	0x021a27a6	entry_0628_29x25_off_0x021a27a6_bgr565_be.png
629	29	25	29x25	0x021a2d50	entry_0629_29x25_off_0x021a2d50_bgr565_be.png
630	29	25	29x25	0x021a32fa	entry_0630_29x25_off_0x021a32fa_bgr565_be.png
631	29	25	29x25	0x021a38a4	entry_0631_29x25_off_0x021a38a4_bgr565_be.png
632	29	25	29x25	0x021a3e4e	entry_0632_29x25_off_0x021a3e4e_bgr565_be.png
633	29	25	29x25	0x021a43f8	entry_0633_29x25_off_0x021a43f8_bgr565_be.png
634	29	25	29x25	0x021a49a2	entry_0634_29x25_off_0x021a49a2_bgr565_be.png
635	29	25	29x25	0x021a4f4c	entry_0635_29x25_off_0x021a4f4c_bgr565_be.png
636	29	25	29x25	0x021a54f6	entry_0636_29x25_off_0x021a54f6_bgr565_be.png
637	29	25	29x25	0x021a5aa0	entry_0637_29x25_off_0x021a5aa0_bgr565_be.png
638	29	25	29x25	0x021a604a	entry_0638_29x25_off_0x021a604a_bgr565_be.png
639	29	25	29x25	0x021a65f4	entry_0639_29x25_off_0x021a65f4_bgr565_be.png
640	29	25	29x25	0x021a6b9e	entry_0640_29x25_off_0x021a6b9e_bgr565_be.png
641	29	25	29x25	0x021a7148	entry_0641_29x25_off_0x021a7148_bgr565_be.png
642	29	25	29x25	0x021a76f2	entry_0642_29x25_off_0x021a76f2_bgr565_be.png
643	29	25	29x25	0x021a7c9c	entry_0643_29x25_off_0x021a7c9c_bgr565_be.png
644	29	25	29x25	0x021a8246	entry_0644_29x25_off_0x021a8246_bgr565_be.png
645	29	25	29x25	0x021a87f0	entry_0645_29x25_off_0x021a87f0_bgr565_be.png
646	29	25	29x25	0x021a8d9a	entry_0646_29x25_off_0x021a8d9a_bgr565_be.png
647	29	25	29x25	0x021a9344	entry_0647_29x25_off_0x021a9344_bgr565_be.png
648	21	21	21x21	0x021a98ee	entry_0648_21x21_off_0x021a98ee_bgr565_be.png
649	21	21	21x21	0x021a9c60	entry_0649_21x21_off_0x021a9c60_bgr565_be.png
650	5	9	5x9	0x021a9fd2	entry_0650_5x9_off_0x021a9fd2_bgr565_be.png
651	29	25	29x25	0x021aa02c	entry_0651_29x25_off_0x021aa02c_bgr565_be.png
652	29	25	29x25	0x021aa5d6	entry_0652_29x25_off_0x021aa5d6_bgr565_be.png
653	29	25	29x25	0x021aab80	entry_0653_29x25_off_0x021aab80_bgr565_be.png
654	29	25	29x25	0x021ab12a	entry_0654_29x25_off_0x021ab12a_bgr565_be.png
655	29	25	29x25	0x021ab6d4	entry_0655_29x25_off_0x021ab6d4_bgr565_be.png
656	29	25	29x25	0x021abc7e	entry_0656_29x25_off_0x021abc7e_bgr565_be.png
657	29	25	29x25	0x021ac228	entry_0657_29x25_off_0x021ac228_bgr565_be.png
658	29	25	29x25	0x021ac7d2	entry_0658_29x25_off_0x021ac7d2_bgr565_be.png
659	29	25	29x25	0x021acd7c	entry_0659_29x25_off_0x021acd7c_bgr565_be.png
660	29	25	29x25	0x021ad326	entry_0660_29x25_off_0x021ad326_bgr565_be.png
661	29	25	29x25	0x021ad8d0	entry_0661_29x25_off_0x021ad8d0_bgr565_be.png
662	64	14	64x14	0x021ade7a	entry_0662_64x14_off_0x021ade7a_bgr565_be.png
663	64	14	64x14	0x021ae57a	entry_0663_64x14_off_0x021ae57a_bgr565_be.png
664	64	14	64x14	0x021aec7a	entry_0664_64x14_off_0x021aec7a_bgr565_be.png
665	64	14	64x14	0x021af37a	entry_0665_64x14_off_0x021af37a_bgr565_be.png
666	64	14	64x14	0x021afa7a	entry_0666_64x14_off_0x021afa7a_bgr565_be.png
667	29	25	29x25	0x021b017a	entry_0667_29x25_off_0x021b017a_bgr565_be.png
668	29	25	29x25	0x021b0724	entry_0668_29x25_off_0x021b0724_bgr565_be.png
669	29	25	29x25	0x021b0cce	entry_0669_29x25_off_0x021b0cce_bgr565_be.png
670	29	25	29x25	0x021b1278	entry_0670_29x25_off_0x021b1278_bgr565_be.png
671	29	25	29x25	0x021b1822	entry_0671_29x25_off_0x021b1822_bgr565_be.png
672	29	25	29x25	0x021b1dcc	entry_0672_29x25_off_0x021b1dcc_bgr565_be.png
673	29	25	29x25	0x021b2376	entry_0673_29x25_off_0x021b2376_bgr565_be.png
674	29	25	29x25	0x021b2920	entry_0674_29x25_off_0x021b2920_bgr565_be.png
675	29	25	29x25	0x021b2eca	entry_0675_29x25_off_0x021b2eca_bgr565_be.png
676	29	25	29x25	0x021b3474	entry_0676_29x25_off_0x021b3474_bgr565_be.png
677	480	195	480x195	0x021b3a1e	entry_0677_480x195_off_0x021b3a1e_bgr565_be.png
678	40	40	40x40	0x021e155e	entry_0678_40x40_off_0x021e155e_bgr565_be.png
679	40	40	40x40	0x021e21de	entry_0679_40x40_off_0x021e21de_bgr565_be.png
680	10	16	10x16	0x021e2e5e	entry_0680_10x16_off_0x021e2e5e_bgr565_be.png
681	10	16	10x16	0x021e2f9e	entry_0681_10x16_off_0x021e2f9e_bgr565_be.png
682	10	16	10x16	0x021e30de	entry_0682_10x16_off_0x021e30de_bgr565_be.png
683	10	16	10x16	0x021e321e	entry_0683_10x16_off_0x021e321e_bgr565_be.png
684	10	16	10x16	0x021e335e	entry_0684_10x16_off_0x021e335e_bgr565_be.png
685	10	16	10x16	0x021e349e	entry_0685_10x16_off_0x021e349e_bgr565_be.png
686	10	16	10x16	0x021e35de	entry_0686_10x16_off_0x021e35de_bgr565_be.png
687	10	16	10x16	0x021e371e	entry_0687_10x16_off_0x021e371e_bgr565_be.png
688	10	16	10x16	0x021e385e	entry_0688_10x16_off_0x021e385e_bgr565_be.png
689	10	16	10x16	0x021e399e	entry_0689_10x16_off_0x021e399e_bgr565_be.png
690	10	16	10x16	0x021e3ade	entry_0690_10x16_off_0x021e3ade_bgr565_be.png
691	10	16	10x16	0x021e3c1e	entry_0691_10x16_off_0x021e3c1e_bgr565_be.png
692	8	15	8x15	0x021e3d5e	entry_0692_8x15_off_0x021e3d5e_bgr565_be.png
693	8	15	8x15	0x021e3e4e	entry_0693_8x15_off_0x021e3e4e_bgr565_be.png
694	8	15	8x15	0x021e3f3e	entry_0694_8x15_off_0x021e3f3e_bgr565_be.png
695	8	15	8x15	0x021e402e	entry_0695_8x15_off_0x021e402e_bgr565_be.png
696	8	15	8x15	0x021e411e	entry_0696_8x15_off_0x021e411e_bgr565_be.png
697	8	15	8x15	0x021e420e	entry_0697_8x15_off_0x021e420e_bgr565_be.png
698	8	15	8x15	0x021e42fe	entry_0698_8x15_off_0x021e42fe_bgr565_be.png
699	8	15	8x15	0x021e43ee	entry_0699_8x15_off_0x021e43ee_bgr565_be.png
700	8	15	8x15	0x021e44de	entry_0700_8x15_off_0x021e44de_bgr565_be.png
701	8	15	8x15	0x021e45ce	entry_0701_8x15_off_0x021e45ce_bgr565_be.png
702	4	14	4x14	0x021e46be	entry_0702_4x14_off_0x021e46be_bgr565_be.png
703	8	15	8x15	0x021e472e	entry_0703_8x15_off_0x021e472e_bgr565_be.png
704	8	15	8x15	0x021e481e	entry_0704_8x15_off_0x021e481e_bgr565_be.png
705	8	15	8x15	0x021e490e	entry_0705_8x15_off_0x021e490e_bgr565_be.png
706	8	15	8x15	0x021e49fe	entry_0706_8x15_off_0x021e49fe_bgr565_be.png
707	8	15	8x15	0x021e4aee	entry_0707_8x15_off_0x021e4aee_bgr565_be.png
708	8	15	8x15	0x021e4bde	entry_0708_8x15_off_0x021e4bde_bgr565_be.png
709	8	15	8x15	0x021e4cce	entry_0709_8x15_off_0x021e4cce_bgr565_be.png
710	8	15	8x15	0x021e4dbe	entry_0710_8x15_off_0x021e4dbe_bgr565_be.png
711	8	15	8x15	0x021e4eae	entry_0711_8x15_off_0x021e4eae_bgr565_be.png
712	8	15	8x15	0x021e4f9e	entry_0712_8x15_off_0x021e4f9e_bgr565_be.png
713	8	16	8x16	0x021e508e	entry_0713_8x16_off_0x021e508e_bgr565_be.png
714	4	15	4x15	0x021e518e	entry_0714_4x15_off_0x021e518e_bgr565_be.png
715	16	14	16x14	0x021e5206	entry_0715_16x14_off_0x021e5206_bgr565_be.png
716	16	14	16x14	0x021e53c6	entry_0716_16x14_off_0x021e53c6_bgr565_be.png
717	29	25	29x25	0x021e5586	entry_0717_29x25_off_0x021e5586_bgr565_be.png
718	29	25	29x25	0x021e5b30	entry_0718_29x25_off_0x021e5b30_bgr565_be.png
719	29	25	29x25	0x021e60da	entry_0719_29x25_off_0x021e60da_bgr565_be.png
720	29	25	29x25	0x021e6684	entry_0720_29x25_off_0x021e6684_bgr565_be.png
721	11	14	11x14	0x021e6c2e	entry_0721_11x14_off_0x021e6c2e_bgr565_be.png
722	11	14	11x14	0x021e6d62	entry_0722_11x14_off_0x021e6d62_bgr565_be.png
723	11	14	11x14	0x021e6e96	entry_0723_11x14_off_0x021e6e96_bgr565_be.png
724	22	2	22x2	0x021e6fca	entry_0724_22x2_off_0x021e6fca_bgr565_be.png
725	17	15	17x15	0x021e7022	entry_0725_17x15_off_0x021e7022_bgr565_be.png
726	17	15	17x15	0x021e7220	entry_0726_17x15_off_0x021e7220_bgr565_be.png
727	17	15	17x15	0x021e741e	entry_0727_17x15_off_0x021e741e_bgr565_be.png
728	17	15	17x15	0x021e761c	entry_0728_17x15_off_0x021e761c_bgr565_be.png
729	1	1	1x1	0x021e781a	entry_0729_1x1_off_0x021e781a_bgr565_be.png
730	24	14	24x14	0x021e781c	entry_0730_24x14_off_0x021e781c_bgr565_be.png
731	24	14	24x14	0x021e7abc	entry_0731_24x14_off_0x021e7abc_bgr565_be.png
732	24	14	24x14	0x021e7d5c	entry_0732_24x14_off_0x021e7d5c_bgr565_be.png
733	28	15	28x15	0x021e7ffc	entry_0733_28x15_off_0x021e7ffc_bgr565_be.png
734	24	15	24x15	0x021e8344	entry_0734_24x15_off_0x021e8344_bgr565_be.png
735	25	15	25x15	0x021e8614	entry_0735_25x15_off_0x021e8614_bgr565_be.png
736	23	15	23x15	0x021e8902	entry_0736_23x15_off_0x021e8902_bgr565_be.png
737	28	19	28x19	0x021e8bb4	entry_0737_28x19_off_0x021e8bb4_bgr565_be.png
738	29	25	29x25	0x021e8fdc	entry_0738_29x25_off_0x021e8fdc_bgr565_be.png
739	29	25	29x25	0x021e9586	entry_0739_29x25_off_0x021e9586_bgr565_be.png
740	25	14	25x14	0x021e9b30	entry_0740_25x14_off_0x021e9b30_bgr565_be.png
741	25	14	25x14	0x021e9dec	entry_0741_25x14_off_0x021e9dec_bgr565_be.png
742	25	14	25x14	0x021ea0a8	entry_0742_25x14_off_0x021ea0a8_bgr565_be.png
743	25	14	25x14	0x021ea364	entry_0743_25x14_off_0x021ea364_bgr565_be.png
744	25	14	25x14	0x021ea620	entry_0744_25x14_off_0x021ea620_bgr565_be.png
745	480	222	480x222	0x021ea8dc	entry_0745_480x222_off_0x021ea8dc_bgr565_be.png
746	240	141	240x141	0x0221e95c	entry_0746_240x141_off_0x0221e95c_bgr565_be.png
747	21	13	21x13	0x0222f1bc	entry_0747_21x13_off_0x0222f1bc_bgr565_be.png
748	200	16	200x16	0x0222f3de	entry_0748_200x16_off_0x0222f3de_bgr565_be.png
749	420	16	420x16	0x02230cde	entry_0749_420x16_off_0x02230cde_bgr565_be.png
750	164	16	164x16	0x0223415e	entry_0750_164x16_off_0x0223415e_bgr565_be.png
751	110	16	110x16	0x022355de	entry_0751_110x16_off_0x022355de_bgr565_be.png
752	110	16	110x16	0x0223639e	entry_0752_110x16_off_0x0223639e_bgr565_be.png
753	106	12	106x12	0x0223715e	entry_0753_106x12_off_0x0223715e_bgr565_be.png
754	106	12	106x12	0x02237b4e	entry_0754_106x12_off_0x02237b4e_bgr565_be.png
755	106	12	106x12	0x0223853e	entry_0755_106x12_off_0x0223853e_bgr565_be.png
756	203	110	203x110	0x02238f2e	entry_0756_203x110_off_0x02238f2e_bgr565_be.png
757	24	155	24x155	0x02243da2	entry_0757_24x155_off_0x02243da2_bgr565_be.png
758	24	13	24x13	0x02245ab2	entry_0758_24x13_off_0x02245ab2_bgr565_be.png
759	24	155	24x155	0x02245d22	entry_0759_24x155_off_0x02245d22_bgr565_be.png
760	24	12	24x12	0x02247a32	entry_0760_24x12_off_0x02247a32_bgr565_be.png
761	480	192	480x192	0x02247c72	entry_0761_480x192_off_0x02247c72_bgr565_be.png
762	12	19	12x19	0x02274c72	entry_0762_12x19_off_0x02274c72_bgr565_be.png
763	12	19	12x19	0x02274e3a	entry_0763_12x19_off_0x02274e3a_bgr565_be.png
764	12	19	12x19	0x02275002	entry_0764_12x19_off_0x02275002_bgr565_be.png
765	12	19	12x19	0x022751ca	entry_0765_12x19_off_0x022751ca_bgr565_be.png
766	12	19	12x19	0x02275392	entry_0766_12x19_off_0x02275392_bgr565_be.png
767	12	19	12x19	0x0227555a	entry_0767_12x19_off_0x0227555a_bgr565_be.png
768	12	19	12x19	0x02275722	entry_0768_12x19_off_0x02275722_bgr565_be.png
769	12	19	12x19	0x022758ea	entry_0769_12x19_off_0x022758ea_bgr565_be.png
770	12	19	12x19	0x02275ab2	entry_0770_12x19_off_0x02275ab2_bgr565_be.png
771	12	19	12x19	0x02275c7a	entry_0771_12x19_off_0x02275c7a_bgr565_be.png
772	480	222	480x222	0x02275e42	entry_0772_480x222_off_0x02275e42_bgr565_be.png
773	480	222	480x222	0x022a9ec2	entry_0773_480x222_off_0x022a9ec2_bgr565_be.png
774	480	134	480x134	0x022ddf42	entry_0774_480x134_off_0x022ddf42_bgr565_be.png
775	480	134	480x134	0x022fd5c2	entry_0775_480x134_off_0x022fd5c2_bgr565_be.png
776	480	134	480x134	0x0231cc42	entry_0776_480x134_off_0x0231cc42_bgr565_be.png
777	480	134	480x134	0x0233c2c2	entry_0777_480x134_off_0x0233c2c2_bgr565_be.png
778	480	134	480x134	0x0235b942	entry_0778_480x134_off_0x0235b942_bgr565_be.png
779	480	222	480x222	0x0237afc2	entry_0779_480x222_off_0x0237afc2_bgr565_be.png
780	480	134	480x134	0x023af042	entry_0780_480x134_off_0x023af042_bgr565_be.png
781	480	134	480x134	0x023ce6c2	entry_0781_480x134_off_0x023ce6c2_bgr565_be.png
782	480	134	480x134	0x023edd42	entry_0782_480x134_off_0x023edd42_bgr565_be.png
783	480	134	480x134	0x0240d3c2	entry_0783_480x134_off_0x0240d3c2_bgr565_be.png
784	480	134	480x134	0x0242ca42	entry_0784_480x134_off_0x0242ca42_bgr565_be.png
785	480	134	480x134	0x0244c0c2	entry_0785_480x134_off_0x0244c0c2_bgr565_be.png
786	480	134	480x134	0x0246b742	entry_0786_480x134_off_0x0246b742_bgr565_be.png
787	480	134	480x134	0x0248adc2	entry_0787_480x134_off_0x0248adc2_bgr565_be.png
788	480	134	480x134	0x024aa442	entry_0788_480x134_off_0x024aa442_bgr565_be.png
789	480	134	480x134	0x024c9ac2	entry_0789_480x134_off_0x024c9ac2_bgr565_be.png
790	480	134	480x134	0x024e9142	entry_0790_480x134_off_0x024e9142_bgr565_be.png
791	480	134	480x134	0x025087c2	entry_0791_480x134_off_0x025087c2_bgr565_be.png
792	480	134	480x134	0x02527e42	entry_0792_480x134_off_0x02527e42_bgr565_be.png
793	480	134	480x134	0x025474c2	entry_0793_480x134_off_0x025474c2_bgr565_be.png
794	480	134	480x134	0x02566b42	entry_0794_480x134_off_0x02566b42_bgr565_be.png
795	19	14	19x14	0x025861c2	entry_0795_19x14_off_0x025861c2_bgr565_be.png
796	112	12	112x12	0x025863d6	entry_0796_112x12_off_0x025863d6_bgr565_be.png
797	66	12	66x12	0x02586e56	entry_0797_66x12_off_0x02586e56_bgr565_be.png
798	96	12	96x12	0x02587486	entry_0798_96x12_off_0x02587486_bgr565_be.png
799	96	12	96x12	0x02587d86	entry_0799_96x12_off_0x02587d86_bgr565_be.png
800	96	12	96x12	0x02588686	entry_0800_96x12_off_0x02588686_bgr565_be.png
801	9	14	9x14	0x02588f86	entry_0801_9x14_off_0x02588f86_bgr565_be.png
802	9	14	9x14	0x02589082	entry_0802_9x14_off_0x02589082_bgr565_be.png
803	10	14	10x14	0x0258917e	entry_0803_10x14_off_0x0258917e_bgr565_be.png
804	9	14	9x14	0x02589296	entry_0804_9x14_off_0x02589296_bgr565_be.png
805	9	14	9x14	0x02589392	entry_0805_9x14_off_0x02589392_bgr565_be.png
806	9	14	9x14	0x0258948e	entry_0806_9x14_off_0x0258948e_bgr565_be.png
807	9	14	9x14	0x0258958a	entry_0807_9x14_off_0x0258958a_bgr565_be.png
808	9	14	9x14	0x02589686	entry_0808_9x14_off_0x02589686_bgr565_be.png
809	9	14	9x14	0x02589782	entry_0809_9x14_off_0x02589782_bgr565_be.png
810	9	14	9x14	0x0258987e	entry_0810_9x14_off_0x0258987e_bgr565_be.png
811	10	14	10x14	0x0258997a	entry_0811_10x14_off_0x0258997a_bgr565_be.png
812	10	14	10x14	0x02589a92	entry_0812_10x14_off_0x02589a92_bgr565_be.png
813	256	146	256x146	0x02589baa	entry_0813_256x146_off_0x02589baa_bgr565_be.png
814	8	19	8x19	0x0259bfaa	entry_0814_8x19_off_0x0259bfaa_bgr565_be.png
815	8	19	8x19	0x0259c0da	entry_0815_8x19_off_0x0259c0da_bgr565_be.png
816	2	10	2x10	0x0259c20a	entry_0816_2x10_off_0x0259c20a_bgr565_be.png
